Index,Age,Smoking,CancerHist,Diameter (mm.),Spiculation,UpperLobe,x,Probability ,,,
1,20,1,1,15,1,1,-0.1792,0.455319503,,,
2,,,,,,,,,,,
3,,,,,,,,,,,
4,,,,,,,,,,,
5,,,,,,,,,,,Age: In years.
6,,,,,,,,,,,"Smoke: 1 if current/former smoker, 0 if never."
7,,,,,,,,,,,"CancerHist: 1 if history of cancer 5+ years ago, 0 if no."
8,,,,,,,,,,,Diameter: Largest diameter of the nodule in mm.
9,,,,,,,,,,,"Spiculation: 1 if spiculation (ragged edge) is present, 0 if not."
10,,,,,,,,,,,"UpperLobe: 1 if the nodule is in the upper lobe, 0 if not. "
11,,,,,,,,,,,
12,,,,,,,,,,,
13,,,,,,,,,,,
14,,,,,,,,,,,
15,,,,,,,,,,,
16,,,,,,,,,,,
17,,,,,,,,,,,
18,,,,,,,,,,,
19,,,,,,,,,,,
20,,,,,,,,,,,
21,,,,,,,,,,,
22,,,,,,,,,,,
23,,,,,,,,,,,
24,,,,,,,,,,,
25,,,,,,,,,,,
26,,,,,,,,,,,
27,,,,,,,,,,,
