epoch,YOLOv6n,YOLOv8n,YOLOv9c,YOLOv10n,YOLOv11n
1,0,0.02753,0.01953,0.02192,0.0002
2,4.00E-05,0.05645,0.03251,0.06855,0.00044
3,0.02651,0.08592,0.0119,0.09248,0.00456
4,0.04802,0.11587,0.06924,0.01977,0.0076
5,0.03216,0.05429,0.02217,0.09634,3.00E-05
6,0.0438,0.1231,0.06243,0.05988,0.00017
7,0.05531,0.17712,0.13297,0.13895,0.0197
8,0.04857,0.21113,0.11046,0.10219,0.02356
9,0.03576,0.17903,0.13833,0.12055,0.04353
10,0.06466,0.20178,0.14036,0.15093,0.02252
11,0.06208,0.15284,0.13358,0.1655,0.02979
12,0.1022,0.20607,0.10874,0.15298,0.04174
13,0.12002,0.14975,0.17243,0.15871,0.04165
14,0.10023,0.196,0.1165,0.11659,0.0355
15,0.10955,0.15099,0.18531,0.17045,0.05502
16,0.09091,0.22129,0.17603,0.17659,0.03824
17,0.1247,0.21866,0.19406,0.20349,0.07835
18,0.05169,0.22409,0.14847,0.22748,0.0682
19,0.10837,0.25447,0.17227,0.27342,0.04487
20,0.11487,0.2172,0.16968,0.22992,0.08514
21,0.14953,0.24108,0.19381,0.21239,0.02852
22,0.1603,0.26741,0.16515,0.25253,0.08643
23,0.17922,0.23528,0.18672,0.27221,0.0648
24,0.17095,0.24366,0.18937,0.24967,0.1054
25,0.13352,0.22839,0.18774,0.21321,0.08751
26,0.1792,0.29065,0.22679,0.21253,0.08531
27,0.14003,0.28269,0.18584,0.1872,0.08471
28,0.14963,0.30619,0.22444,0.19096,0.11278
29,0.17831,0.25172,0.19617,0.27043,0.08281
30,0.16369,0.29545,0.21763,0.25785,0.10388
31,0.17067,0.25488,0.21018,0.25227,0.15407
32,0.16778,0.28092,0.25476,0.25668,0.0928
33,0.20364,0.21972,0.20476,0.26069,0.05677
34,0.1815,0.26424,0.19868,0.21087,0.06076
35,0.20998,0.29648,0.2564,0.27705,0.15016
36,0.16842,0.33924,0.21951,0.3608,0.13285
37,0.1947,0.27742,0.21746,0.30867,0.15609
38,0.232,0.29562,0.25864,0.30727,0.13144
39,0.20597,0.32691,0.24838,0.29787,0.13096
40,0.184,0.29954,0.24086,0.30519,0.13605
41,0.23679,0.29555,0.26744,0.32126,0.12438
42,0.22585,0.3016,0.23637,0.26942,0.10228
43,0.24318,0.33194,0.23775,0.34979,0.12845
44,0.22132,0.31831,0.24382,0.28389,0.15685
45,0.23142,0.35024,0.24498,0.29547,0.1692
46,0.20882,0.31155,0.27279,0.29525,0.15738
47,0.22169,0.31036,0.27296,0.27852,0.11507
48,0.24703,0.29512,0.29342,0.3549,0.15831
49,0.24984,0.33641,0.26712,0.3619,0.13815
50,0.23597,0.34822,0.24425,0.35472,0.16584
51,0.2721,0.32268,0.26413,0.34676,0.13757
52,0.26006,0.3154,0.25264,0.31879,0.15717
53,0.21783,0.28698,0.28054,0.34284,0.17541
54,0.25014,0.2843,0.26933,0.29375,0.16083
55,0.28379,0.33461,0.27594,0.29786,0.16832
56,0.25287,0.33569,0.26294,0.28991,0.15644
57,0.27049,0.3442,0.28756,0.31063,0.18775
58,0.25466,0.33797,0.27391,0.34312,0.15979
59,0.24514,0.32533,0.26811,0.30073,0.18736
60,0.28529,0.29982,0.28907,0.33177,0.1869
61,0.24267,0.32447,0.26818,0.28289,0.17763
62,0.27188,0.38503,0.27321,0.27755,0.14914
63,0.2834,0.34209,0.28786,0.30486,0.16379
64,0.32243,0.3241,0.30188,0.3225,0.19375
65,0.31178,0.34258,0.29396,0.36302,0.19292
66,0.30179,0.34252,0.27518,0.31756,0.17578
67,0.29097,0.33879,0.29055,0.27715,0.20583
68,0.28727,0.38578,0.25184,0.35293,0.17806
69,0.30995,0.36014,0.284,0.3255,0.20442
70,0.31911,0.34098,0.28097,0.28094,0.15949
71,0.34176,0.32721,0.28734,0.36811,0.18522
72,0.27402,0.34353,0.26416,0.32688,0.18104
73,0.27065,0.33153,0.28932,0.33399,0.19912
74,0.2977,0.31697,0.31196,0.32815,0.20561
75,0.30689,0.33642,0.29245,0.33846,0.20644
76,0.30879,0.33606,0.28523,0.37201,0.16605
77,0.27156,0.34222,0.28272,0.34432,0.21453
78,0.2859,0.32513,0.28907,0.32358,0.20605
79,0.28817,0.33425,0.27783,0.35243,0.21347
80,0.34622,0.32553,0.29239,0.33021,0.20681
81,0.3004,0.32937,0.30673,0.32758,0.21776
82,0.3368,0.34803,0.30009,0.30896,0.20013
83,0.33685,0.33588,0.31065,0.35627,0.22552
84,0.30186,0.3613,0.29057,0.34979,0.20107
85,0.29071,0.3413,0.30561,0.34314,0.20511
86,0.30142,0.37237,0.29092,0.34098,0.19894
87,0.30918,0.34688,0.2903,0.30755,0.21394
88,0.32494,0.34153,0.29108,0.35421,0.20194
89,0.3156,0.32578,0.2786,0.3448,0.21252
90,0.30367,0.33964,0.2841,0.35552,0.21615
91,0.30806,0.32918,0.29929,0.31759,0.21318
92,0.28914,0.34009,0.28479,0.32531,0.20935
93,0.29691,0.3501,0.29173,0.35391,0.21829
94,0.28482,0.33965,0.28191,0.32571,0.21538
95,0.28562,0.34412,0.29341,0.35054,0.22731
96,0.28477,0.34867,0.29981,0.34767,0.225
97,0.28391,0.34372,0.29834,0.34114,0.23223
98,0.28778,0.34044,0.282,0.34727,0.22281
99,0.29615,0.34184,0.27638,0.34831,0.23193
100,0.30515,0.34269,0.27453,0.34928,0.229
